record_number,bmi,mh2_age,mh3_race___1,mh3_race___2,mh3_race___3,mh3_race___4,mh3_race___5,mh4_ethnicity,mh5_education,mh6_employment___1,mh6_employment___2,mh6_employment___3,mh6_employment___4,mh6_employment___5,mh6_employment___6,mh6_employment___7,mh9a_cigs_yn,mh9b_alcohol_yn,have_you_ever_been_diagnos___1,have_you_ever_been_diagnos___2,have_you_ever_been_diagnos___3,have_you_ever_been_diagnos___4,have_you_ever_been_diagnos___5,have_you_ever_been_diagnos___6,have_you_ever_been_diagnos___7,have_you_ever_been_diagnos___8,have_you_ever_been_diagnos___9,have_you_ever_been_diagnos___10,have_you_ever_been_diagnos___11,have_you_ever_been_diagnos___12,have_you_ever_been_diagnos___13,have_you_ever_been_diagnos___14,have_you_ever_been_diagnos___15,have_you_ever_been_diagnos___16,have_you_ever_been_diagnos___17,have_you_ever_been_diagnos___18,have_you_ever_been_diagnos___19,have_you_ever_been_diagnos___0,mh13_ofpregs,mh14_deliveries,mh15_vagbirths,mh16_bcps___1,mh17_bcps___1,mh23,mh23a,total_fatigue_score,sleep_disturbance_total,eddep_total,total_anxiety_score,mh21,mh24,mh25,mh27,cmsi_fibro1___99,cmsi_fibro1___1,cmsi_fibro1___2,cmsi_fibro1___3,cmsi_fibro1___4,cmsi_fibro1___5,cmsi_fibro1___6,cmsi_fibro1___7,cmsi_fibro1___8,cmsi_fibro1___9,cmsi_fibro1___10,cmsi_fibro1___11,cmsi_fibro1___12,cmsi_fibro1___13,cmsi_fibro1___14,cmsi_fibro1___15,cmsi_fibro1___16,cmsi_fibro1___17,cmsi_fibro1___18,cmsi_fibro1___19,bodymap,multi_race,other_race,white_race,asian_race,black_race,missing_race,avg_pain_arrival,max_pain_arrival,avg_pain_scan,max_pain_scan,mh3_race___6,mh3_race___7,menses_q1_bs_cramp,menses_q1_max_cramp,menses_q4_5_baseline,menses_q4_5_max,menses_q1_bs_cramp_MRI2,menses_q1_max_cramp_MRI2,menses_q4_5_baseline_MRI2,menses_q4_5_max_MRI2,group,grp78,gp96,study
1023,20.12,18,0,0,0,1,0,2,3,0,0,0,0,0,1,0,0,0,0,0,0,0,0,0,0,0,0,0,0,0,0,0,0,0,0,0,0,1,0,NA,NA,0,0,80,66,18,24,29,18,2,1,2,5,0,0,0,0,0,0,0,0,0,0,0,0,0,0,0,0,0,1,1,0,2,0,0,0,0,1,0,6,8,7,9,NA,NA,NA,NA,NA,NA,NA,NA,NA,NA,DYS,1216.3315,9.51,EH16
1025,22.68,20,0,1,0,0,0,2,3,0,0,0,0,0,1,0,0,1,0,0,0,0,0,0,0,0,0,0,0,0,0,0,0,0,0,0,0,1,0,NA,NA,0,0,69,52,21,19,9,10,1,2,2,6,1,0,0,0,0,0,0,0,0,0,0,0,0,0,0,0,0,0,0,0,0,0,0,0,1,0,0,3,5,3,6,NA,NA,NA,NA,NA,NA,NA,NA,NA,NA,DYSB,705.864,19.859,EH16
1026,17.14,22,0,0,0,0,1,2,5,1,0,0,0,0,0,0,0,1,1,1,0,0,0,0,0,0,0,1,0,0,0,0,0,0,0,0,0,0,0,NA,NA,0,0,70,55,21,33,27,22,3,0,3,4,0,0,0,0,0,0,1,0,0,0,0,0,1,1,0,0,0,1,1,0,5,0,0,1,0,0,0,4,7,4,8,NA,NA,NA,NA,NA,NA,NA,NA,NA,NA,DYSB,1481.787,13.6865,EH16
1028,28.19,21,0,1,0,0,0,2,3,0,1,0,0,0,1,0,0,1,0,0,0,0,0,0,0,0,0,0,0,0,0,0,0,0,0,0,0,0,0,NA,NA,0,0,66,NA,28,27,29,28,3,0,4,5,0,1,0,0,0,0,0,0,0,0,0,0,0,0,0,0,0,0,0,1,2,0,0,0,1,0,0,5,7,5,9,NA,NA,NA,NA,NA,NA,NA,NA,NA,NA,DYSB,1688.109,1.637,EH16
1029,25.74,20,0,0,0,0,1,2,3,0,1,0,0,0,1,0,0,1,0,0,0,0,0,0,0,0,0,0,0,0,0,0,0,0,0,0,0,1,1,0,0,0,0,83,12,19,18,10,10,0,2,2,7,0,0,0,0,0,0,0,0,0,0,0,0,0,0,0,1,1,0,1,1,4,0,0,1,0,0,0,4,6,6,8,NA,NA,NA,NA,NA,NA,NA,NA,NA,NA,DYS,332.583,22.098,EH16
1036,23.03,22,0,0,0,0,1,2,5,0,0,0,0,0,1,0,0,1,0,0,0,0,0,0,0,0,0,0,0,0,0,0,0,0,0,0,0,1,0,NA,NA,1,0,56,29,24,23,15,13,0,1,2,4,0,0,0,0,0,0,0,0,0,0,0,0,0,0,0,0,0,1,1,1,3,0,0,1,0,0,0,4,6,4,7,NA,NA,NA,NA,NA,NA,NA,NA,NA,NA,DYSB,1677.48,1.097,EH16
1038,25.39,21,0,1,0,0,0,2,5,0,0,0,0,0,1,0,0,1,0,0,0,0,0,0,0,0,0,0,0,0,0,0,0,0,0,0,0,1,0,NA,NA,1,1,20,12,13,17,10,14,NA,2,2,5,0,0,0,0,0,0,0,0,0,0,0,0,0,0,0,0,0,0,1,0,1,0,0,0,1,0,0,0,0,0,0,NA,NA,NA,NA,NA,NA,NA,NA,NA,NA,HC,3090.667,3.337,EH16
1040,29.05,25,0,0,0,0,1,2,5,0,0,0,0,0,1,0,0,1,0,0,0,0,0,0,0,0,0,0,0,0,0,0,0,0,0,0,0,1,1,0,0,0,1,50,20,12,16,14,9,0,2,2,4,0,0,0,0,0,0,0,0,0,0,0,0,0,0,0,0,0,0,1,0,1,0,0,1,0,0,0,4,4,5,5,NA,NA,NA,NA,NA,NA,NA,NA,NA,NA,DYS,2229.719,0.939,EH16
1045,28.34,19,0,1,0,0,0,2,5,0,0,0,0,0,1,0,0,0,0,0,0,0,0,0,0,0,0,0,0,0,0,0,0,0,0,0,0,0,0,NA,NA,0,0,82,33,24,17,22,24,6,2,2,4,1,0,0,0,0,0,0,0,0,0,0,0,0,0,0,0,0,0,0,0,0,0,0,0,1,0,0,3,4,3,5,NA,NA,NA,NA,NA,NA,NA,NA,NA,NA,DYS,3053.978,2.066,EH16
1046,20.67,19,0,0,0,1,0,2,3,0,0,0,0,0,1,0,0,0,0,0,0,0,0,0,0,0,0,0,0,0,0,0,0,0,0,0,0,1,0,NA,NA,0,0,50,50,21,19,11,12,2,2,2,7,0,0,1,0,0,0,1,1,0,1,0,0,0,1,1,0,0,0,0,0,6,0,0,0,0,1,0,4,4,6,6,NA,NA,NA,NA,NA,NA,NA,NA,NA,NA,DYSB,1526.894,1.591,EH16
1048,29.02,40,0,0,0,1,0,2,3,0,0,0,0,0,1,0,0,1,0,0,0,0,0,0,0,0,0,0,0,0,0,0,0,0,0,0,0,1,3,4,0,0,0,87,88,16,25,8,7,3,2,2,3,0,0,0,0,0,0,0,0,0,0,0,0,0,0,0,0,0,0,1,1,2,0,0,0,0,1,0,7,10,9,10,NA,NA,NA,NA,NA,NA,NA,NA,NA,NA,DYS,1637.543,1.81,EH16
1051,21.79,41,0,0,0,0,1,2,2,0,1,0,0,0,0,0,0,1,0,0,0,0,0,0,1,0,0,0,0,0,0,0,0,0,0,0,0,0,1,1,1,0,0,74,60,21,20,15,22,0,2,2,7,0,0,0,0,0,0,0,0,0,0,0,0,1,0,0,0,0,0,1,1,3,0,0,1,0,0,0,4,6,6,8,NA,NA,NA,NA,NA,NA,NA,NA,NA,NA,DYS,1466.452,1.624,EH16
1054,34.11,30,0,0,0,0,1,2,6,1,0,0,0,0,0,0,0,1,0,0,0,0,0,0,0,0,0,0,0,0,0,0,1,0,0,0,0,0,0,NA,NA,0,0,70,34,29,36,14,19,0,2,2,5,1,0,0,0,0,0,0,0,0,0,0,0,0,0,0,0,0,0,0,0,0,0,0,1,0,0,0,3,8,3,6,NA,NA,NA,NA,NA,NA,NA,NA,NA,NA,DYSB,1910.514,1.873,EH16
1055,26.63,38,0,0,0,1,0,2,5,1,0,0,0,0,0,0,0,0,0,0,0,0,0,0,0,0,0,0,0,0,0,0,0,0,0,0,0,1,1,1,1,0,0,87,62,18,20,8,13,3,2,2,6,1,0,0,0,0,0,0,0,0,0,0,0,0,0,0,0,0,0,0,0,0,0,0,0,0,1,0,7,10,4,7,NA,NA,NA,NA,NA,NA,NA,NA,NA,NA,DYS,3599.763,0.706,EH16
1057,21.8,24,0,1,0,0,0,2,5,0,0,0,0,0,0,1,0,2,0,0,0,0,0,0,0,0,0,1,0,0,0,0,0,0,0,0,0,0,0,NA,NA,0,0,80,NA,17,18,11,12,1,2,2,8,0,0,1,0,0,1,0,0,0,1,0,0,1,0,0,1,0,0,0,0,5,0,0,0,1,0,0,6,6,8,8,NA,NA,NA,NA,NA,NA,NA,NA,NA,NA,DYS,7631.578,1.598,EH16
1058,23.05,23,0,0,0,0,1,2,5,0,1,0,0,0,1,0,0,1,0,0,0,0,0,0,0,0,0,0,0,0,0,0,0,0,0,0,0,1,0,NA,NA,0,0,84,38,7,8,8,7,0,2,2,6,1,0,0,0,0,0,0,0,0,0,0,0,0,0,0,0,0,0,0,0,0,0,0,1,0,0,0,0,7,0,8,NA,NA,NA,NA,NA,NA,NA,NA,NA,NA,DYS,1317.495,2.285,EH16
1062,22.31,27,0,0,0,0,1,2,5,1,0,0,0,0,0,0,0,1,0,0,0,0,0,0,0,0,0,0,0,0,0,0,0,0,0,0,0,1,0,NA,NA,0,1,20,10,16,18,13,16,NA,2,2,5,0,0,0,0,0,0,0,0,0,0,0,0,0,0,0,0,0,0,1,1,2,0,0,1,0,0,0,1,1,1,2,NA,NA,NA,NA,NA,NA,NA,NA,NA,NA,HC,2153.074,6.2845,EH16
1064,28.73,28,0,0,0,0,1,2,5,1,0,0,0,0,0,0,0,1,0,0,0,0,0,0,0,0,0,0,0,0,1,0,0,0,0,0,0,0,0,NA,NA,0,1,75,20,22,31,17,18,0,2,2,3,0,1,0,0,0,0,0,0,0,0,0,0,1,0,0,1,1,0,0,1,5,0,0,1,0,0,0,7,9,7,9,NA,NA,NA,NA,NA,NA,NA,NA,NA,NA,DYS,2307.717,3.928,EH16
1067,23.49,24,0,0,0,0,1,2,4,1,0,0,0,0,0,0,0,1,0,0,0,0,0,0,0,0,0,0,0,0,0,0,0,0,0,0,0,0,NA,NA,NA,0,0,79,56,18,20,10,13,0,2,2,5,0,0,0,0,0,0,0,0,0,0,0,0,0,0,0,1,0,0,0,1,2,0,0,1,0,0,0,5,7,5,7,NA,NA,NA,NA,NA,NA,NA,NA,NA,NA,DYS,1137.377,1.346,EH16
1073,28.97,30,0,0,0,0,1,2,6,1,0,0,0,0,0,0,0,1,0,0,0,0,0,0,0,0,0,0,0,0,0,0,0,0,0,0,0,0,0,NA,NA,0,0,74,73,19,24,13,18,0,2,2,7,0,0,0,0,0,0,0,0,0,0,0,0,1,0,0,0,0,0,0,0,1,0,0,1,0,0,0,4,7,4,7,NA,NA,NA,NA,NA,NA,NA,NA,NA,NA,DYS,1858.357,3.058,EH16
1074,20.6,33,0,0,0,0,1,2,6,1,0,0,0,0,0,0,0,1,0,0,0,0,1,0,0,1,0,0,0,0,0,0,0,0,0,0,0,0,2,2,2,1,1,0,0,15,25,10,11,NA,2,2,6,0,0,0,0,0,0,0,0,0,0,0,0,0,0,0,0,0,0,0,0,0,0,0,1,0,0,0,0,0,0,0,NA,NA,NA,NA,NA,NA,NA,NA,NA,NA,HC,1001.4105,2.2915,EH16
1076,22.71,19,0,0,0,1,0,2,3,0,0,0,0,0,1,0,0,0,0,0,0,0,0,0,0,0,0,0,0,0,0,0,0,0,0,0,0,1,0,NA,NA,0,0,81,50,21,25,15,22,5,1,2,7,0,0,0,0,0,1,0,0,0,0,0,0,1,0,0,0,0,0,0,0,2,0,0,0,0,1,0,7,9,7,9,NA,NA,NA,NA,NA,NA,NA,NA,NA,NA,DYS,1141.822,3.264,EH16
1077,26.62,23,0,0,0,0,1,1,2,0,0,0,0,0,1,0,0,1,0,0,0,0,0,0,0,0,0,0,0,0,0,0,0,0,0,0,0,1,0,NA,NA,0,0,59,33,20,24,32,28,1,2,2,6,0,0,0,0,0,0,1,1,0,0,0,0,0,0,0,0,0,0,1,0,3,0,0,1,0,0,0,4,6,4,6,NA,NA,NA,NA,NA,NA,NA,NA,NA,NA,DYS,304.92,4.33,EH16
1083,21.96,21,0,1,0,0,0,2,3,0,0,0,0,0,1,0,0,0,0,0,0,0,0,0,0,0,0,0,0,0,0,0,0,0,0,0,0,1,0,NA,NA,1,1,69,24,13,14,8,9,2,2,2,6,1,0,0,0,0,0,0,0,0,0,0,0,0,0,0,0,0,0,0,0,0,0,0,0,1,0,0,4,6,4,8,NA,NA,NA,NA,NA,NA,NA,NA,NA,NA,DYSB,1897.661,0.607,EH16
1092,22.39,40,0,0,0,0,1,2,5,1,0,0,0,0,0,0,0,1,0,0,0,0,0,0,0,0,0,1,0,0,0,0,0,0,0,0,0,0,3,3,3,0,1,4,NA,14,35,11,14,NA,2,2,3,0,0,0,0,0,0,0,0,0,0,0,0,0,0,0,0,0,0,0,0,0,0,0,1,0,0,0,0,1,0,0,NA,NA,NA,NA,NA,NA,NA,NA,NA,NA,HC,8674.501,7.82,EH16
1093,28.89,24,0,0,0,0,1,2,4,0,0,0,0,0,1,0,0,0,0,0,0,0,0,0,0,0,0,1,1,1,0,0,0,0,0,0,0,0,0,NA,NA,1,0,60,20,20,28,17,21,2,2,2,5,0,1,0,0,0,0,0,0,1,0,0,0,0,0,0,1,0,1,1,0,5,0,0,1,0,0,0,3,6,3,5,NA,NA,NA,NA,NA,NA,NA,NA,NA,NA,DYSB,5383.061,7.133,EH16
1094,29.14,38,0,0,0,0,1,2,6,1,0,0,0,0,0,0,2,1,0,0,0,0,0,0,0,0,0,0,0,0,0,0,0,0,0,0,0,0,3,0,0,0,1,12,4,12,12,8,14,NA,2,2,4,1,0,0,0,0,0,0,0,0,0,0,0,0,0,0,0,0,0,0,0,0,0,0,1,0,0,0,0,0,0,0,NA,NA,NA,NA,NA,NA,NA,NA,NA,NA,HC,1417.102,0.77,EH16
1095,33.8,42,0,0,0,0,1,2,6,1,0,0,0,0,0,0,0,1,0,1,1,0,1,0,1,0,0,0,0,0,0,0,0,0,0,0,0,0,2,1,1,0,1,50,50,24,29,14,12,5,2,2,6,0,0,0,0,0,0,0,0,0,0,0,0,0,0,0,1,1,1,0,1,4,0,0,1,0,0,0,2,4,4,5.5,NA,NA,NA,NA,NA,NA,NA,NA,NA,NA,DYS,1715.984,2.778,EH16
1102,25.78,18,0,0,0,0,1,2,3,0,0,0,0,0,1,0,0,0,0,0,0,0,0,0,1,0,0,0,0,0,0,0,0,0,0,0,1,0,0,NA,NA,0,0,74,65,20,21,29,26,4,2,2,7,0,0,0,0,0,1,0,1,0,0,0,0,1,0,1,0,0,0,1,1,6,0,0,1,0,0,0,2.5,7,2.5,5,NA,NA,NA,NA,NA,NA,NA,NA,NA,NA,DYS,8004.73,5.15,EH16
1104,30.78,20,0,0,0,0,1,2,2,0,0,0,0,0,1,0,0,0,0,0,0,0,0,0,0,0,0,0,0,0,0,0,0,0,0,0,0,1,0,NA,NA,0,0,78,55,19,27,9,21,0,2,2,3,1,0,0,0,0,0,0,0,0,0,0,0,0,0,0,0,0,0,0,0,0,0,0,1,0,0,0,4,7,5,7,NA,NA,NA,NA,NA,NA,NA,NA,NA,NA,DYS,2382.502,5.787,EH16
1106,24.39,18,0,0,0,1,0,2,3,0,0,0,0,0,1,0,0,0,0,0,0,0,0,0,0,0,0,0,0,0,0,0,0,0,0,0,0,1,0,NA,NA,0,0,2,NA,12,12,14,13,NA,2,2,4,1,0,0,0,0,0,0,0,0,0,0,0,0,0,0,0,0,0,0,0,0,0,0,0,0,1,0,0,0,0,0,NA,NA,NA,NA,NA,NA,NA,NA,NA,NA,HC,2954.025,1.513,EH16
1110,27.45,42,0,0,0,0,1,2,5,1,0,0,0,0,0,0,2,1,0,0,0,0,0,0,0,0,0,0,0,0,0,0,0,0,0,0,0,1,1,1,1,0,1,81,67,13,13,11,16,0,1,2,6,0,0,0,0,0,0,0,1,0,0,0,0,0,0,0,1,0,0,1,1,4,0,0,1,0,0,0,2,3,2,5,NA,NA,NA,NA,NA,NA,NA,NA,NA,NA,DYS,3190.463,1.815,EH16
1113,22.71,23,0,0,0,0,1,2,5,0,0,0,0,0,1,0,0,1,0,0,0,0,0,0,1,0,0,0,0,0,0,0,0,0,0,0,0,0,0,NA,NA,1,0,90,80,11,24,9,8,0,1,3,4,0,0,0,0,0,0,0,0,0,0,0,0,0,0,0,0,0,0,1,0,1,0,0,1,0,0,0,3,6,3.5,7,NA,NA,NA,NA,NA,NA,NA,NA,NA,NA,DYS,1248.427,1.868,EH16
2001,21.41,27,0,0,0,0,1,2,5,1,0,0,0,0,1,0,0,1,0,0,0,0,0,0,0,0,0,0,0,0,0,0,0,0,0,0,0,1,1,0,0,0,0,75,34,14,30,15,18,6,2,2,4,0,0,0,0,0,0,0,0,0,0,0,0,0,0,0,1,0,0,0,1,2,0,0,1,0,0,0,NA,NA,NA,NA,NA,NA,NA,NA,NA,NA,NA,NA,NA,NA,DYSB,1347.505,1.7625,EH18
2005,24.27,24,0,0,0,1,0,2,5,0,1,0,0,0,0,0,0,1,0,0,0,0,0,0,0,0,0,0,0,0,0,0,0,0,0,0,0,1,0,NA,NA,0,0,83,40,8,12,9,15,0,2,2,6,1,0,0,0,0,0,0,0,0,0,0,0,0,0,0,0,0,0,0,0,0,0,0,0,0,1,0,NA,NA,NA,NA,NA,NA,NA,NA,NA,NA,NA,NA,NA,NA,DYSB,933.5615,1.628,EH18
2006,19.58,31,0,0,0,0,1,2,5,1,0,0,0,0,0,0,2,1,0,0,0,0,1,0,0,0,0,0,0,0,0,0,0,0,0,0,0,0,0,NA,NA,0,0,67,31,18,19,11,10,2,2,2,5,0,1,0,0,0,0,0,0,1,0,0,0,0,0,0,1,0,0,0,1,4,0,0,1,0,0,0,NA,NA,NA,NA,NA,NA,NA,NA,NA,NA,NA,NA,NA,NA,DYS,931.631,3.499666667,EH18
2007,24.96,26,0,0,0,0,1,2,5,0,1,0,0,0,0,0,0,1,0,0,0,0,0,0,0,0,0,0,0,0,1,0,0,1,0,0,0,0,0,NA,NA,0,1,65,23,21,29,37,27,0,2,2,5,0,0,1,0,0,0,0,0,0,1,0,0,0,0,0,1,1,0,0,1,5,0,0,1,0,0,0,NA,NA,NA,NA,NA,NA,NA,NA,NA,NA,NA,NA,NA,NA,DYS,1349.321667,2.965,EH18
2008,26.62,24,0,0,0,0,1,2,5,0,1,0,0,0,0,0,1,1,0,0,0,0,0,0,0,0,0,0,0,0,0,0,0,0,0,0,0,1,0,NA,NA,0,1,82,66,13,14,10,12,0,2,2,4,0,0,0,0,0,1,0,0,0,0,0,0,0,0,0,0,0,0,1,0,2,0,0,1,0,0,0,NA,NA,NA,NA,NA,NA,NA,NA,NA,NA,NA,NA,NA,NA,DYS,1641.54,7.1855,EH18
2009,27.34,24,0,0,0,1,0,1,5,1,0,0,0,0,0,0,0,1,0,0,0,0,0,0,0,0,0,0,0,0,0,0,0,0,0,0,0,0,0,NA,NA,0,0,100,NA,26,21,17,22,2,2,2,7,0,0,0,0,0,0,0,0,0,0,0,0,0,0,0,0,0,0,0,0,0,0,0,0,0,1,0,NA,NA,NA,NA,NA,NA,NA,NA,NA,NA,NA,NA,NA,NA,DYS,534.176,2.988,EH18
2015,29.75,20,0,0,0,0,1,2,3,0,1,0,0,0,1,0,0,1,0,0,0,0,0,0,0,0,0,0,0,0,0,0,0,0,0,0,0,1,0,NA,NA,0,1,76,41,21,20,9,14,4,2,2,6,1,0,0,0,0,0,0,0,0,0,0,0,0,0,0,0,0,0,0,0,0,0,0,1,0,0,0,NA,NA,NA,NA,NA,NA,NA,NA,NA,NA,NA,NA,NA,NA,DYS,1059.807,11.671,EH18
2016,26.62,19,0,0,0,0,1,1,3,0,1,0,0,0,1,0,0,1,0,0,0,0,0,0,0,0,0,0,0,0,0,0,0,0,0,0,0,1,0,NA,NA,1,1,60,NA,14,15,16,19,0,2,2,7,0,0,0,0,0,1,0,0,0,0,0,0,0,0,0,0,0,0,0,0,1,0,0,1,0,0,0,NA,NA,NA,NA,NA,NA,NA,NA,NA,NA,NA,NA,NA,NA,DYS,1387.328,4.209,EH18
2017,19.76,24,0,0,0,0,1,2,5,1,0,0,0,0,0,0,0,1,0,0,0,0,0,0,0,0,0,0,0,0,0,0,0,0,0,0,0,1,0,NA,NA,0,0,63,35,17,29,20,16,NA,2,2,5,0,0,1,0,0,0,0,0,0,0,0,0,0,0,0,0,0,0,1,1,3,0,0,1,0,0,0,NA,NA,NA,NA,NA,NA,NA,NA,NA,NA,NA,NA,NA,NA,DYS,1984.2375,1.0975,EH18
2018,21.96,21,0,1,0,0,0,2,3,0,0,0,0,0,1,0,0,1,0,0,0,0,0,0,0,0,0,0,0,0,0,0,0,0,0,0,0,1,0,NA,NA,1,0,65,35,10,14,10,10,3,2,2,5,1,0,0,0,0,0,0,0,0,0,0,0,0,0,0,0,0,0,0,0,0,0,0,0,1,0,0,NA,NA,NA,NA,NA,NA,NA,NA,NA,NA,NA,NA,NA,NA,DYSB,1722.616,1.024,EH18
2019,28.19,29,0,0,0,0,1,2,6,1,0,0,0,0,0,0,0,1,0,0,0,0,0,0,0,0,0,0,0,0,0,0,0,0,0,0,0,1,0,NA,NA,0,0,70,45,12,20,10,12,3,2,2,7,0,0,1,0,0,0,0,0,0,0,0,0,0,0,0,1,0,0,0,0,2,0,0,1,0,0,0,NA,NA,NA,NA,NA,NA,NA,NA,NA,NA,NA,NA,NA,NA,DYS,1349.048667,1.178,EH18
2021,20.52,39,0,0,0,0,1,2,6,0,1,0,0,0,1,0,0,0,0,0,0,0,0,0,1,0,0,1,1,0,0,0,0,1,0,0,0,0,0,NA,NA,0,1,85,60,10,22,12,19,1,2,2,9,0,0,0,0,0,0,0,0,0,0,0,0,0,0,0,0,0,0,0,1,1,0,0,1,0,0,0,NA,NA,NA,NA,NA,NA,NA,NA,NA,NA,NA,NA,NA,NA,DYSB,965.0675,3.22,EH18
2022,31.88,27,0,0,0,0,1,2,6,1,0,0,0,0,0,0,0,1,0,0,0,0,0,0,0,0,0,0,0,0,1,0,0,0,0,0,0,0,0,NA,NA,0,1,85,40,10,21,8,9,0,2,3,6,0,0,0,0,0,0,0,0,0,0,0,0,0,0,0,0,0,0,0,0,0,0,0,1,0,0,0,NA,NA,NA,NA,NA,NA,NA,NA,NA,NA,NA,NA,NA,NA,DYSB,1683.9205,1.809333333,EH18
2024,20.38,19,0,0,0,1,0,2,3,0,0,0,0,0,1,0,0,0,0,0,0,0,0,0,0,0,0,0,0,0,0,0,0,0,0,0,0,1,0,NA,NA,0,0,81,15,8,19,8,7,3,2,2,6,1,0,0,0,0,0,0,0,0,0,0,0,0,0,0,0,0,0,0,0,NA,0,0,0,0,1,0,NA,NA,NA,NA,NA,NA,NA,NA,NA,NA,NA,NA,NA,NA,DYS,1706.9375,2.3895,EH18
2029,20.8,40,0,0,0,0,1,1,4,1,0,0,0,0,0,0,0,1,0,0,0,0,0,0,1,0,0,1,0,0,0,0,0,0,0,0,0,0,0,NA,NA,0,1,100,40,19,26,17,14,0,2,2,6,1,0,0,0,0,0,0,0,0,0,0,0,0,0,0,0,0,0,0,0,0,0,0,1,0,0,0,NA,NA,NA,NA,NA,NA,NA,NA,NA,NA,NA,NA,NA,NA,DYS,875.827,3.116666667,EH18
2031,21.03,20,0,0,0,1,0,2,3,0,1,0,0,0,1,0,0,1,0,0,0,0,0,0,0,0,0,0,0,0,0,0,0,0,0,0,0,0,0,NA,NA,0,0,89,87,22,19,12,17,4,2,2,5,0,0,0,0,0,0,0,0,0,0,0,0,0,0,0,1,0,0,0,1,2,0,0,0,0,1,0,NA,NA,NA,NA,NA,NA,NA,NA,NA,NA,NA,NA,NA,NA,DYSB,2102.109,4.253,EH18
2033,30.78,20,0,0,0,0,1,2,2,0,1,0,0,0,1,0,0,0,0,0,0,0,0,0,0,0,0,0,0,0,0,0,0,0,0,0,0,1,0,NA,NA,0,0,70,41,17,31,10,20,0,2,2,3,1,0,0,0,0,0,0,0,0,0,0,0,0,0,0,0,0,0,0,0,0,0,0,1,0,0,0,NA,NA,NA,NA,NA,NA,NA,NA,NA,NA,NA,NA,NA,NA,DYSB,1386.4655,3.585333333,EH18
2037,19.2,19,0,0,0,0,1,2,3,0,1,0,0,0,1,0,0,0,0,0,0,0,0,0,0,0,0,0,0,0,0,0,0,0,0,0,0,1,0,NA,NA,0,0,81,66,18,16,16,18,2,2,2,8,1,0,0,0,0,0,0,0,0,0,0,0,0,0,0,0,0,0,0,0,0,0,0,1,0,0,0,NA,NA,NA,NA,NA,NA,NA,NA,NA,NA,NA,NA,NA,NA,DYS,2398.755333,0.473333333,EH18
2038,25.8,31,0,0,0,0,1,1,6,1,0,0,0,0,0,0,2,1,0,0,0,0,1,0,0,0,0,0,0,0,0,0,0,0,0,0,0,0,0,NA,NA,0,1,70,25,19,17,21,18,2,2,3,4,0,0,0,0,0,0,0,0,1,1,0,0,0,0,0,1,0,0,0,0,3,0,0,1,0,0,0,NA,NA,NA,NA,NA,NA,NA,NA,NA,NA,NA,NA,NA,NA,DYS,2595.5305,2.992,EH18
2039,33.28,19,0,0,0,1,1,2,3,0,1,0,0,0,1,0,0,1,0,0,0,0,0,0,0,0,0,0,0,0,0,0,0,0,0,0,0,1,0,NA,NA,1,1,65,30,15,15,27,24,0,1,2,6,0,0,0,0,0,0,0,0,0,0,0,0,0,0,0,1,1,0,0,1,3,1,0,0,0,0,0,NA,NA,NA,NA,NA,NA,NA,NA,NA,NA,NA,NA,NA,NA,DYS,2419.003,2.707,EH18
2041,22.86,22,0,0,0,1,0,2,3,0,1,0,0,0,1,0,0,1,0,0,0,0,0,0,0,0,0,0,0,0,0,0,0,0,0,0,0,1,0,NA,NA,0,0,79,7,14,28,8,8,0,2,2,4,1,0,0,0,0,0,0,0,0,0,0,0,0,0,0,0,0,0,0,0,0,0,0,0,0,1,0,NA,NA,NA,NA,NA,NA,NA,NA,NA,NA,NA,NA,NA,NA,DYS,1864.697,0.8305,EH18
3016,22.8,21,0,0,0,0,1,2,3,0,0,0,0,0,1,0,0,0,0,0,0,0,0,0,0,0,0,0,0,0,0,0,0,0,0,0,0,1,0,NA,NA,0,0,0,0,14,12,8,7,NA,2,27,5,0,0,0,0,0,0,0,0,0,0,0,0,0,0,0,0,0,0,0,1,1,0,0,1,0,0,0,NA,NA,NA,NA,0,0,0,0,0,0,0,0,0,0,HC,901.276,2.0085,EH19
3017,20.72,25,0,0,0,0,1,2,5,0,0,0,0,0,1,0,0,2,0,0,1,0,0,0,0,0,0,0,0,0,0,0,0,0,0,0,0,0,0,NA,NA,0,0,76,34,27,18,20,23,2,2,32,7,0,0,0,0,0,0,0,0,0,0,0,0,0,0,0,0,0,0,0,1,1,0,0,1,0,0,0,NA,NA,NA,NA,0,0,NA,5,NA,NA,NA,NA,NA,NA,DYS,604.645,8.368,EH19
3024,24.27,20,0,0,0,0,1,2,3,0,1,0,0,0,1,0,0,0,0,0,0,0,0,0,0,0,0,0,0,0,1,0,0,0,0,0,0,0,0,NA,NA,0,0,71,32,20,19,12,21,1,2,29,5,0,0,0,0,0,0,0,0,0,0,0,0,0,0,0,1,0,1,1,1,4,0,0,1,0,0,0,NA,NA,NA,NA,0,0,1,1,2,3,NA,NA,NA,NA,DYSB,1423.339,1.338,EH19
3047,28.35,41,0,0,0,0,1,2,6,0,0,0,0,0,0,1,0,0,0,0,0,0,0,0,0,0,1,0,0,0,0,0,0,0,0,0,0,0,3,3,2,1,0,0,NA,24,26,27,29,NA,2,30,3,0,0,0,0,0,0,0,0,0,0,0,0,0,0,0,0,0,0,0,1,1,0,0,1,0,0,0,NA,NA,NA,NA,0,0,0,0,0,0,0,0,0,0,HC,1070.9395,4.164,EH19
3048,21.46,31,0,0,0,0,1,2,6,0,0,0,0,0,1,0,0,1,0,0,0,0,1,0,0,0,0,0,0,0,0,0,0,0,0,0,0,0,0,NA,NA,0,0,20,NA,13,23,8,11,NA,2,25,6,0,0,0,0,0,0,0,0,0,0,0,0,0,0,0,0,0,0,1,0,1,0,0,1,0,0,0,NA,NA,NA,NA,0,0,0,0,0,0,0,0,0,0,HC,925.456,4.3015,EH19
3052,21.8,19,0,0,0,0,1,2,3,0,0,0,0,0,1,0,0,0,0,0,0,0,0,0,0,0,0,0,0,0,0,0,0,0,0,0,0,1,0,NA,NA,0,0,71,12,22,14,8,15,3,1,19,7,0,0,0,0,0,0,0,0,0,0,0,0,0,0,0,0,0,0,0,1,1,0,0,1,0,0,0,NA,NA,NA,NA,0,0,4,8,0,0,4,6,6,8,DYS,1176.844,2.41,EH19
3063,25.79,28,0,0,0,0,1,2,6,1,0,0,0,0,0,0,0,1,0,0,0,0,0,0,1,0,0,0,0,0,0,0,0,0,0,0,0,0,0,NA,NA,1,1,70,50,18,17,9,16,2,1,28,6,0,0,0,0,0,1,0,0,0,0,0,0,0,0,0,1,0,1,1,1,5,0,0,1,0,0,0,NA,NA,NA,NA,0,0,3,5,2,3,2,4,2,3,DYS,633.293,9.0955,EH19
3065,31.09,23,0,0,0,0,1,2,5,0,1,0,0,0,0,0,0,1,0,1,0,1,1,0,1,0,0,0,0,0,1,0,0,0,0,0,0,0,0,NA,NA,1,0,75,52,18,23,10,20,2,2,28,6,0,1,1,1,0,1,1,0,1,1,1,0,1,1,0,1,1,0,1,1,14,0,0,1,0,0,0,NA,NA,NA,NA,0,0,4,4,4,5,4,5,4,5,DYS,1408.5175,1.7585,EH19
3069,32.42,41,0,0,0,0,1,2,6,0,1,0,0,0,0,0,0,1,0,0,1,0,1,0,0,0,0,0,0,0,0,0,0,0,0,0,0,0,0,NA,NA,0,1,80,40,18,15,9,12,9,2,25,7,0,0,0,0,0,0,0,0,0,0,0,0,0,0,0,0,0,1,0,1,2,0,0,1,0,0,0,NA,NA,NA,NA,0,0,0,1,1,1,NA,NA,NA,NA,DYS,1277.527,0.707,EH19
3078,23.4,21,0,0,0,0,1,1,3,0,0,0,0,0,1,0,0,1,0,0,0,0,0,0,0,0,0,0,0,0,0,0,0,0,0,0,0,1,0,NA,NA,0,0,71,52,18,24,12,18,0,1,25,6,0,0,0,0,0,0,0,0,0,0,0,0,0,0,0,1,0,0,0,0,1,0,0,1,0,0,0,NA,NA,NA,NA,0,0,1,5,1,3,1,5,0,1,DYS,759.095,3.802,EH19
3082,33.28,26,0,0,0,0,1,1,6,1,0,0,0,0,1,0,0,1,0,0,0,0,0,0,0,0,0,0,0,0,0,0,0,0,0,0,0,0,0,NA,NA,0,1,76,31,13,19,8,14,1,2,26,6,0,0,0,0,0,0,0,0,0,1,0,0,0,0,0,0,0,0,1,1,3,0,0,1,0,0,0,NA,NA,NA,NA,0,0,0,6,1,2,1,2,0,0,DYS,1516.019,0.694,EH19
3084,21.79,18,0,0,0,0,1,1,2,0,1,0,0,0,0,0,0,1,0,0,0,0,0,0,0,0,0,0,0,0,0,0,0,0,0,0,0,1,0,NA,NA,1,0,23,14,16,20,11,21,NA,2,28,4,0,0,0,0,0,0,0,0,0,0,0,0,0,0,0,0,0,0,0,0,0,0,0,1,0,0,0,NA,NA,NA,NA,0,0,0,2,0,1,0,1,0,0,HC,1208.8795,6.227,EH19
3086,23.57,45,0,0,0,0,1,2,6,1,0,0,0,0,0,0,0,1,0,0,0,0,0,0,0,0,0,0,0,0,0,0,0,0,0,0,0,1,0,NA,NA,0,1,66,30,15,21,10,11,0,2,23,5,0,0,0,0,0,0,0,0,0,0,0,0,0,0,0,0,0,0,0,0,0,0,0,1,0,0,0,NA,NA,NA,NA,0,0,2,3,1,2,6,6,3,3,DYS,776.0545,1.647,EH19
3088,22.46,18,0,0,0,0,1,1,3,0,1,0,0,0,1,0,0,1,0,0,0,0,0,0,0,0,0,0,0,0,0,0,0,0,0,0,0,1,0,NA,NA,0,0,50,27,18,16,11,18,0,2,30,5,0,0,0,1,0,0,0,0,0,0,0,0,0,0,0,1,0,0,1,0,3,0,0,1,0,0,0,NA,NA,NA,NA,0,0,3,5,3,4,NA,NA,NA,NA,DYS,1076.929,2.027,EH19
3091,29.23,30,0,0,0,0,1,2,5,1,0,0,0,0,0,0,0,1,0,0,0,0,0,0,0,0,0,0,0,0,0,0,0,0,0,0,0,1,0,NA,NA,0,1,91,32,15,20,8,11,3,2,29,4,0,0,0,0,0,1,0,0,0,0,0,0,1,0,0,0,0,1,1,1,5,0,0,1,0,0,0,NA,NA,NA,NA,0,0,8,8,7,7,5,6,5,6,DYS,864.653,3.3155,EH19
3099,20.17,22,0,0,0,0,1,2,5,1,0,0,0,0,0,0,1,1,0,0,0,0,0,0,0,0,0,0,0,0,0,0,0,0,0,0,0,1,0,NA,NA,1,1,0,NA,15,19,11,14,NA,2,25,4,0,0,0,0,0,0,0,0,0,0,0,0,0,0,0,0,0,0,0,0,0,0,0,1,0,0,0,NA,NA,NA,NA,0,0,0,1,0,0,0,1,0,1,HC,1242.8365,6.568,EH19
3109,20.5,33,0,0,0,0,1,1,6,0,0,0,0,0,1,0,0,1,0,0,0,0,0,0,0,0,0,0,0,0,0,0,0,0,0,0,0,1,0,NA,NA,1,0,10,0,13,9,11,10,NA,2,30,5,1,0,0,0,0,0,0,0,0,0,0,0,0,0,0,0,0,0,0,0,0,0,0,1,0,0,0,NA,NA,NA,NA,0,0,0,0,0,0,0,0,0,0,HC,705.544,9.067,EH19
3111,29.75,28,0,0,0,0,1,2,5,1,0,0,0,0,0,0,0,1,0,0,0,0,0,0,0,0,0,0,0,0,0,1,0,1,0,0,0,0,0,NA,NA,0,1,2,NA,15,16,21,18,NA,2,30,6,0,0,0,0,0,0,0,0,0,0,0,0,0,0,1,0,0,0,0,0,1,0,0,1,0,0,0,NA,NA,NA,NA,0,0,0,0,0,0,0,0,0,0,HC,557.9565,2.789,EH19
3113,31.94,24,0,0,0,0,1,2,3,1,0,0,0,0,1,0,0,2,0,0,0,0,0,0,1,0,0,0,0,0,0,0,0,1,0,0,0,0,0,NA,NA,1,1,77,66,24,19,12,15,6,1,28,6,0,0,0,0,0,1,0,0,1,0,0,0,0,0,0,1,0,1,1,1,6,0,0,1,0,0,0,NA,NA,NA,NA,0,0,2,4,2,4,3,6,2,5,DYS,1455.2815,2.749,EH19
3115,28.29,22,0,0,0,0,1,2,5,1,0,0,0,0,0,0,0,1,0,0,0,0,0,0,0,0,0,0,0,0,0,0,0,0,0,0,0,1,0,NA,NA,0,0,15,8,23,21,15,22,NA,2,27,7,0,0,1,0,0,0,0,1,0,1,0,0,0,1,0,1,1,1,1,1,9,0,0,1,0,0,0,NA,NA,NA,NA,0,0,0,0,1,2,0,0,0,0,HC,565.423,6.9895,EH19
3117,24.99,32,1,0,0,0,1,1,5,1,0,0,0,0,0,0,0,0,0,0,0,0,0,0,0,0,0,0,0,0,0,0,0,0,0,0,0,1,0,NA,NA,0,0,NA,0,9,8,8,8,0,2,33,4,0,0,0,0,0,0,0,0,0,0,0,0,0,0,0,0,0,0,1,1,2,1,1,0,0,0,0,NA,NA,NA,NA,0,0,5,8,3,4,5,7,5,5,DYS,3105.681,3.952,EH19
3125,20.78,30,0,0,0,1,0,2,5,0,1,0,0,0,0,0,0,1,0,0,0,0,0,0,0,0,0,0,0,0,0,0,0,0,0,0,0,1,1,0,0,0,1,71,NA,21,22,11,24,0,2,31,6,0,0,0,0,0,0,0,0,0,0,0,0,0,0,0,0,0,1,1,1,3,0,0,0,0,1,0,NA,NA,NA,NA,0,0,6,7,6,7,7,7,5,6,DYS,1067.978,3.2615,EH19
3133,24.89,31,0,0,0,0,1,2,6,1,0,0,0,0,0,0,0,1,0,0,0,0,1,0,0,0,0,1,0,1,0,0,1,0,0,0,0,0,0,NA,NA,0,1,0,0,22,38,22,15,NA,2,26,4,0,0,0,0,0,0,0,0,0,1,0,0,0,0,0,1,1,0,0,0,3,0,0,1,0,0,0,NA,NA,NA,NA,0,0,0,0,0,0,0,0,0,0,HC,483.2215,1.633,EH19
3135,20.59,36,0,0,0,0,1,2,5,1,0,0,0,0,0,0,1,2,0,0,0,0,0,0,0,0,0,0,0,0,0,0,0,0,0,0,0,1,0,NA,NA,1,0,60,NA,26,30,8,7,0,2,25,4,0,0,0,0,0,1,0,1,0,0,0,0,1,0,1,1,0,0,1,1,7,0,0,1,0,0,0,NA,NA,NA,NA,0,0,6,6,0,0,8,8,0,0,DYS,735.666,6.6075,EH19
3136,23.86,30,0,0,0,0,1,1,5,0,1,0,0,0,0,0,0,1,0,0,0,0,0,0,0,0,0,0,0,0,0,0,0,0,0,0,0,1,0,NA,NA,0,0,90,45,11,15,12,12,1,2,28,6,0,0,0,0,0,0,0,0,0,0,0,0,0,0,0,0,0,0,0,1,1,0,0,1,0,0,0,NA,NA,NA,NA,0,0,3,7,1,3,2,9,1,4,DYS,1083.778,2.016,EH19
3141,18.54,21,0,0,0,0,1,1,3,0,1,0,0,0,0,0,0,1,0,0,0,0,0,0,0,0,0,0,0,0,0,0,0,0,0,0,0,1,0,NA,NA,0,0,75,25,18,16,17,21,3,2,27,6,0,0,0,0,0,0,0,0,0,0,0,0,0,0,0,1,1,1,1,1,5,0,0,1,0,0,0,NA,NA,NA,NA,0,0,4,6,0,0,5,7,4,5,DYSB,1321.37,4.7065,EH19
3142,21.92,42,0,0,0,0,1,2,5,1,0,0,0,0,0,0,0,1,0,0,0,0,0,0,0,0,0,0,0,0,0,0,0,0,0,0,0,1,1,1,0,0,0,71,51,19,28,10,13,2,2,8,8,0,0,0,0,0,0,0,0,0,0,0,0,0,0,0,0,0,0,0,0,0,0,0,1,0,0,0,NA,NA,NA,NA,0,0,4,6,4,6,4,6,4,5,DYS,972.3935,7.1815,EH19
3143,25.54,42,0,0,0,0,1,2,6,1,0,0,0,0,0,0,0,1,0,0,0,0,0,0,0,1,0,0,0,0,0,0,0,1,0,0,0,0,3,3,3,0,1,10,NA,20,35,14,23,NA,2,6,6,0,0,0,0,0,0,0,0,0,0,0,0,0,0,0,1,1,0,0,0,2,0,0,1,0,0,0,NA,NA,NA,NA,0,0,0,0,0,0,0,0,0,0,HC,1283.522,7.506,EH19
3146,20.98,23,0,0,0,0,1,2,5,1,0,0,0,0,1,0,0,1,0,0,0,0,0,0,0,0,0,0,0,0,0,0,0,0,0,0,0,1,0,NA,NA,0,1,67,30,21,29,19,20,0,2,31,6,0,0,0,0,0,1,1,0,0,0,0,0,1,0,0,1,1,0,0,1,6,0,0,1,0,0,0,NA,NA,NA,NA,0,0,2,4,3,5,NA,NA,NA,NA,DYSB,505.599,3.767,EH19
3147,20.67,43,0,0,0,0,1,2,6,0,1,0,0,0,0,0,0,1,0,0,0,0,0,0,0,0,0,0,0,0,0,0,0,0,0,0,0,1,3,3,3,0,1,70,30,15,15,8,13,1,2,22,6,1,0,0,0,0,0,0,0,0,0,0,0,0,0,0,0,0,0,0,0,0,0,0,1,0,0,0,NA,NA,NA,NA,0,0,7,8,5,5,2,6,0,4,DYS,398.785,2.3775,EH19
3149,21.45,29,0,0,0,0,1,2,5,0,0,0,0,0,0,1,0,1,0,0,0,0,0,0,0,0,0,0,0,0,0,0,0,0,0,0,0,1,0,NA,NA,0,1,77,7,10,10,11,10,0,2,29,5,0,0,0,0,0,0,0,0,0,0,0,0,0,0,0,0,0,0,0,0,0,0,0,1,0,0,0,NA,NA,NA,NA,0,0,4,6,NA,NA,6,8,4,6,DYS,1046.4135,4.5205,EH19
3153,23.43,20,0,0,0,0,1,1,3,0,1,0,0,0,1,0,0,1,0,0,0,0,0,0,0,0,0,0,0,0,0,0,0,0,0,0,0,1,0,NA,NA,1,0,66,39,25,31,17,19,3,0,22,7,0,1,0,0,0,0,1,0,0,0,0,0,1,1,0,0,0,0,1,1,6,0,0,1,0,0,0,NA,NA,NA,NA,0,0,1,5,1,4,NA,NA,NA,NA,DYS,620.571,5.682,EH19
3156,20.36,19,0,0,0,0,1,1,3,0,1,0,0,0,1,0,0,0,0,0,0,0,0,0,0,0,0,0,0,0,0,0,0,0,0,0,0,1,0,NA,NA,0,0,90,35,15,14,15,19,4,2,33,6,0,0,0,0,0,0,0,0,0,0,0,0,0,0,0,0,0,0,0,0,0,0,0,1,0,0,0,NA,NA,NA,NA,0,0,5,7,2,3,NA,NA,NA,NA,DYS,1002.049,0.337,EH19
3159,19.11,19,0,0,0,1,0,2,3,0,0,0,0,0,1,0,0,1,0,0,0,0,0,0,0,0,0,0,0,0,0,0,0,0,0,0,0,1,0,NA,NA,1,0,72,NA,24,16,12,14,0,2,28,7,0,0,1,0,0,0,0,0,0,0,0,0,0,0,0,0,0,0,1,1,3,0,0,0,0,1,0,NA,NA,NA,NA,0,0,2,4,0,1,3,5,1,3,DYS,733.368,1.9295,EH19
3160,29.75,33,0,0,0,1,0,2,6,1,0,0,0,0,0,0,0,1,0,0,0,0,0,0,0,0,0,0,0,0,0,0,0,0,0,0,0,1,0,NA,NA,0,1,90,68,15,25,18,16,2,2,31,7,0,0,0,0,0,0,0,0,0,0,0,0,0,0,0,0,0,0,1,0,1,0,0,0,0,1,0,NA,NA,NA,NA,0,0,5,8,2,3,NA,NA,NA,NA,DYS,1323.416,1.003,EH19
3163,20.83,18,0,0,0,0,1,1,3,0,0,0,0,0,1,0,0,1,0,0,0,0,0,0,0,0,0,0,0,0,0,0,0,0,0,0,0,1,0,NA,NA,0,0,82,65,22,19,23,21,0,2,30,6,0,0,0,0,0,1,1,1,0,0,0,0,0,1,1,0,0,1,1,0,7,0,0,1,0,0,0,NA,NA,NA,NA,0,0,6,7,3,5,NA,NA,NA,NA,DYS,1027.311,1.102,EH19
3165,18.01,20,0,1,0,0,0,2,3,0,0,0,0,0,1,0,0,0,0,0,0,0,0,0,0,0,0,0,0,0,0,0,0,0,0,0,0,1,0,NA,NA,0,0,60,NA,20,23,13,14,2,2,30,5,0,0,0,0,0,0,0,0,0,0,0,0,0,0,0,0,0,0,1,0,1,0,0,0,1,0,0,NA,NA,NA,NA,0,0,2,6,1,4,NA,NA,NA,NA,DYS,413.198,2.588,EH19
3177,24.03,29,0,0,0,0,1,1,6,1,0,0,0,0,0,0,0,1,0,0,0,0,0,0,0,0,0,1,0,0,0,0,0,0,0,0,0,0,0,NA,NA,0,0,61,37,16,21,11,21,0,2,28,5,0,0,0,0,0,0,0,0,0,0,0,0,0,0,0,0,0,0,1,0,1,0,0,1,0,0,0,NA,NA,NA,NA,0,0,3,6,2,2,2,6,1,3,DYS,2423.3285,0.665,EH19
3179,33.96,24,0,0,0,1,1,2,5,1,0,0,0,0,0,0,0,0,0,0,0,0,0,0,0,0,0,0,0,0,0,0,0,0,0,0,0,1,0,NA,NA,1,0,80,60,17,16,12,10,6,2,30,5,0,1,0,0,0,0,0,0,1,0,0,0,0,0,0,1,0,0,1,1,5,1,0,0,0,0,0,NA,NA,NA,NA,0,0,3,5,5,6,NA,NA,NA,NA,DYS,1212.519,0.857,EH19
3182,24.53,23,0,0,0,0,1,2,2,0,1,0,0,0,0,0,0,0,0,0,0,0,1,0,0,0,0,1,0,0,0,0,0,1,0,0,1,0,0,NA,NA,0,1,53,27,27,25,16,18,3,0,20,7,0,0,0,0,0,1,1,0,0,0,0,0,1,1,0,0,0,0,1,1,6,0,0,1,0,0,0,NA,NA,NA,NA,0,0,2,4,1,3,0,3,0,0,DYSB,1356.02,1.899,EH19
3187,20.9,24,0,1,0,0,1,2,5,0,1,0,0,0,1,0,0,1,0,0,0,0,0,0,0,0,0,0,0,0,0,0,0,0,0,0,0,1,0,NA,NA,0,1,65,25,20,17,12,15,2,2,29,7,0,1,1,0,0,0,1,0,0,1,0,0,0,1,0,1,0,0,1,1,8,1,0,0,0,0,0,NA,NA,NA,NA,0,0,2,3,1,2,NA,NA,NA,NA,DYS,574.123,2.325,EH19
3194,21.73,19,0,1,0,0,0,2,2,0,0,0,0,0,1,0,0,1,0,0,0,0,0,0,0,0,0,0,0,0,0,0,0,0,0,0,0,1,0,NA,NA,0,0,72,NA,23,20,14,20,4,2,30,7,0,0,0,0,0,0,0,0,0,0,0,0,0,0,0,0,1,1,0,1,3,0,0,0,1,0,0,NA,NA,NA,NA,0,0,4,6,3,5,5,7,3,5,DYS,284.513,2.3185,EH19
3201,28.69,19,0,0,0,0,1,1,3,0,1,0,0,0,1,0,0,0,0,0,0,0,0,0,0,0,0,0,0,0,0,0,0,0,0,0,0,1,0,NA,NA,0,0,94,65,19,20,18,19,7,2,28,6,0,0,1,0,0,0,0,0,0,1,0,0,0,0,0,0,1,0,1,1,5,0,0,1,0,0,0,NA,NA,NA,NA,0,0,7,10,4,6,NA,NA,NA,NA,DYS,312.513,0.525,EH19
3206,21.14,27,0,0,0,0,1,2,3,0,0,0,0,0,0,1,2,0,0,0,0,0,0,0,0,0,0,0,0,0,0,0,0,0,0,1,0,0,1,1,1,0,0,63,63,22,18,28,21,NA,1,30,5,0,0,1,0,0,0,0,0,0,1,0,0,0,0,0,1,1,0,1,1,6,0,0,1,0,0,0,NA,NA,NA,NA,0,0,2,3,0,0,4,5,2,3,DYSB,935.1265,1.0005,EH19
3207,20.67,22,0,0,0,0,1,2,5,0,0,0,0,0,0,1,0,1,0,0,0,0,0,0,0,0,0,0,0,0,0,0,0,0,0,0,0,1,0,NA,NA,1,1,76,85,25,32,15,24,12,2,32,4,0,1,0,0,0,0,0,0,1,0,0,0,1,0,0,1,1,0,1,1,7,0,0,1,0,0,0,NA,NA,NA,NA,0,0,6,7,NA,NA,7,8,7,8,DYS,861.03,2.361,EH19
3211,27.37,34,0,0,0,0,1,2,6,0,1,0,0,0,0,0,0,0,0,0,0,0,0,0,1,0,0,1,1,0,0,0,1,0,0,0,0,0,0,NA,NA,0,0,70,40,20,22,13,14,2,2,23,4,0,1,1,0,0,1,0,0,1,1,0,0,0,0,0,1,1,0,1,0,8,0,0,1,0,0,0,NA,NA,NA,NA,0,0,1,4,2,4,NA,NA,NA,NA,DYS,493.671,0.585,EH19
3212,22.86,33,0,0,0,1,1,2,6,0,1,0,0,0,0,0,0,0,0,1,1,0,1,0,1,0,0,0,1,0,1,0,0,1,0,0,0,0,3,1,1,0,1,89,NA,24,13,15,18,21,2,24,7,0,0,0,0,0,0,0,0,1,1,0,1,1,0,0,1,1,1,1,1,9,1,0,0,0,0,0,NA,NA,NA,NA,0,0,3,6,7,9,NA,NA,NA,NA,DYSB,881.401,4.624,EH19
3214,26.95,37,0,0,0,0,1,1,5,1,0,0,0,0,0,0,0,0,0,0,0,0,1,0,0,1,0,1,0,0,1,0,0,0,0,0,0,0,0,NA,NA,0,1,100,70,25,40,20,25,3,2,32,10,0,1,0,0,0,1,0,0,1,0,0,0,1,0,0,1,1,0,1,1,8,0,0,1,0,0,0,NA,NA,NA,NA,0,0,2,6,2,5,2,5,NA,NA,DYS,794.156,3.859,EH19
3217,29.76,28,0,0,0,0,0,1,5,1,0,0,0,0,0,0,0,0,0,0,0,0,0,0,0,0,0,0,0,0,0,0,0,0,0,0,0,1,0,NA,NA,0,1,89,86,27,32,26,22,4,1,26,6,0,0,0,0,0,0,0,0,0,0,0,0,0,0,0,0,0,0,1,1,2,0,1,0,0,0,0,NA,NA,NA,NA,0,1,7,10,6,NA,NA,NA,NA,NA,DYS,1209.871,0.967,EH19
3225,24.56,19,0,1,0,0,0,2,3,0,1,0,0,0,0,0,0,0,0,0,0,0,0,0,0,0,0,0,0,0,0,0,0,0,0,0,0,0,0,NA,NA,0,0,60,0,17,17,15,17,0,2,31,7,0,0,0,0,0,0,0,0,0,1,0,0,0,0,0,1,1,0,0,1,4,0,0,0,1,0,0,NA,NA,NA,NA,0,0,0,6,1,3,NA,NA,NA,NA,DYS,971.341,5.7,EH19
3227,22.67,26,0,1,0,0,0,2,5,0,0,0,0,0,1,0,0,1,0,0,0,0,0,0,0,0,0,0,0,0,0,0,0,0,0,0,0,1,0,NA,NA,0,0,69,20,22,17,18,22,4,1,28,6,0,0,1,0,0,0,0,0,0,0,0,0,0,0,0,1,0,0,0,1,3,0,0,0,1,0,0,NA,NA,NA,NA,0,0,6,10,4,5,4,6,2,2,DYS,689.069,2.2115,EH19
3232,19.84,26,0,0,0,0,1,2,5,1,0,0,0,0,1,0,0,1,0,0,0,0,0,0,0,0,0,0,0,0,0,0,0,0,0,0,0,1,0,NA,NA,1,0,65,15,18,21,13,15,0,2,28,4,0,0,0,0,0,0,0,0,0,0,0,0,0,0,0,0,0,0,1,0,1,0,0,1,0,0,0,NA,NA,NA,NA,0,0,1,4,0,2,1,3,1,1,DYS,233.584,3.85,EH19
3235,20.67,20,0,0,0,0,1,1,3,0,1,0,0,0,1,0,0,0,0,0,0,0,0,0,0,0,0,0,0,0,0,0,0,1,0,0,0,0,0,NA,NA,1,0,71,45,19,23,16,17,2,2,28,6,0,0,0,0,0,0,0,0,0,0,0,0,0,0,0,0,0,0,0,1,1,0,0,1,0,0,0,NA,NA,NA,NA,0,0,0,6,0,1,0,5,0,1,DYS,503.422,9.459,EH19
3237,20.12,21,0,0,0,0,0,1,3,0,1,0,0,0,1,0,0,2,0,0,0,0,0,0,0,0,0,0,0,0,0,0,0,0,0,0,0,1,0,NA,NA,0,0,60,60,22,21,17,23,2,2,15,5,0,0,0,0,0,0,0,0,1,0,0,0,0,0,0,0,0,0,0,1,2,0,1,0,0,0,0,NA,NA,NA,NA,0,1,4,3,2,2,5,5,3,3,DYS,809.535,2.718,EH19
3238,23.67,30,0,0,0,1,0,2,6,1,0,0,0,0,0,0,0,1,0,0,1,0,0,0,0,0,0,0,0,0,0,0,0,0,0,0,0,0,0,NA,NA,0,1,65,50,24,34,17,22,0,2,22,7,0,0,0,0,0,0,0,0,0,1,0,0,0,0,0,1,0,0,1,1,4,0,0,0,0,1,0,NA,NA,NA,NA,0,0,1,3,0,2,2,5,0,0,DYS,713.0895,3.391,EH19
3239,25.82,22,0,1,0,0,0,2,5,1,0,0,0,0,0,0,0,1,0,0,0,0,0,0,0,0,0,0,0,0,0,0,0,0,0,0,0,1,NA,NA,NA,1,1,85,50,15,18,12,12,3,2,28,4,0,0,0,0,0,0,0,0,0,0,0,0,0,0,0,0,1,0,1,1,3,0,0,0,1,0,0,NA,NA,NA,NA,0,0,3,3,3,NA,NA,NA,NA,NA,DYS,671.743,11.096,EH19
3242,25.01,30,0,0,0,0,0,3,5,0,0,0,0,0,1,0,0,1,0,0,0,0,0,0,0,0,0,0,0,0,0,0,0,0,0,0,0,1,0,NA,NA,0,0,84,14,11,20,8,11,0,2,26,4,0,0,0,0,0,0,0,0,0,0,0,0,0,0,0,0,0,0,1,1,2,0,0,0,0,0,1,NA,NA,NA,NA,1,0,6,7,4,4,6,6,2,6,DYS,1342.4365,1.1065,EH19
3253,21.52,26,0,0,0,1,0,2,5,0,0,0,0,0,1,0,0,0,0,0,0,0,0,0,0,0,0,0,0,0,0,0,0,0,0,0,0,1,0,NA,NA,0,0,40,10,25,27,26,15,1,2,34,5,0,0,0,0,0,0,0,0,0,0,0,0,0,0,0,0,0,1,1,0,2,0,0,0,0,1,0,NA,NA,NA,NA,0,0,4,6,4,4,NA,NA,NA,NA,DYS,631.886,1.662,EH19
3256,22.59,34,0,0,0,1,0,2,3,0,1,0,0,0,0,0,0,2,0,0,0,0,1,0,0,0,0,0,0,0,0,0,0,0,0,0,0,0,1,0,0,0,0,85,50,17,19,14,16,6,2,30,5,0,0,0,0,0,0,0,0,0,0,0,0,0,0,0,0,0,1,1,1,3,0,0,0,0,1,0,NA,NA,NA,NA,0,0,5,8,2,4,5,9,0,0,DYSB,1065.9405,8.2505,EH19
3258,20.8,41,0,0,0,1,0,2,5,1,0,0,0,0,0,0,0,2,0,0,0,0,0,0,0,0,0,0,0,0,0,0,0,0,0,0,0,1,1,1,0,0,1,85,50,21,27,8,16,6,2,7,7,0,0,0,0,0,0,0,0,0,0,1,1,0,0,0,1,0,1,0,1,5,0,0,0,0,1,0,NA,NA,NA,NA,0,0,5,6,0,4,5,6,1,2,DYSB,1051.2665,2.19,EH19
3265,24.21,31,0,0,0,0,1,2,5,1,0,0,0,0,0,0,0,1,0,0,0,0,0,0,0,0,0,0,0,0,0,0,0,0,0,0,0,1,0,NA,NA,0,0,80,15,17,21,10,12,0,2,26,5,0,1,1,0,0,0,0,1,1,1,0,0,0,0,1,0,0,0,1,1,8,0,0,1,0,0,0,NA,NA,NA,NA,0,0,0,0,0,0,NA,NA,NA,NA,DYS,729.339,1.891,EH19
3270,32.57,32,0,0,0,1,0,1,4,0,1,0,0,0,0,0,0,2,0,0,0,1,0,0,0,0,0,0,0,0,0,0,0,0,0,1,0,0,1,1,0,1,0,85,60,19,9,11,14,4,2,27,5,0,0,0,0,0,0,0,0,0,0,0,0,0,0,0,1,1,1,1,1,5,0,0,0,0,1,0,NA,NA,NA,NA,0,0,4,7,0,4,7,8,5,5,DYS,2001.203,3.629,EH19
3273,27.45,24,1,0,0,0,1,1,5,0,0,0,0,0,1,0,0,1,0,0,0,0,0,0,0,0,0,0,0,0,1,0,0,0,0,0,0,0,0,NA,NA,0,0,57,20,21,22,11,22,0,1,22,7,0,0,0,0,0,0,0,0,0,0,0,0,0,0,0,1,0,0,0,0,1,1,1,0,0,0,0,NA,NA,NA,NA,0,0,3,6,2,2,3,6,0,0,DYS,585.848,13.8475,EH19
3281,26.45,32,0,1,0,1,1,2,6,1,0,0,0,0,0,0,0,1,0,0,0,0,0,0,0,0,0,0,0,0,0,0,0,0,0,0,0,1,0,NA,NA,0,0,73,16,17,18,13,16,0,2,28,5,0,1,1,0,0,1,0,0,0,0,0,0,0,0,0,1,0,0,1,0,5,1,0,0,0,0,0,NA,NA,NA,NA,0,0,3,5,2,3,NA,NA,NA,NA,DYS,754.179,3.193,EH19
3282,33.65,44,0,0,0,0,1,2,5,1,0,0,0,0,0,0,1,1,0,0,0,0,0,0,0,0,0,0,0,0,0,0,0,0,0,0,0,0,0,NA,NA,0,0,70,77,16,19,11,7,0,2,22,4,0,0,0,0,0,0,0,0,0,0,0,0,0,0,0,0,0,0,0,0,0,0,0,1,0,0,0,NA,NA,NA,NA,0,0,6,8,5,8,3,8,3,5,DYSB,2364.944,2.5805,EH19
3292,27.39,21,0,0,0,0,1,2,5,0,0,0,0,0,1,0,0,0,0,0,0,0,0,0,1,0,0,0,0,0,0,0,0,0,0,0,0,0,0,NA,NA,0,1,88,61,13,22,9,9,2,2,31,7,0,0,0,0,0,1,0,0,0,0,0,0,1,0,0,0,0,1,1,1,5,0,0,1,0,0,0,NA,NA,NA,NA,0,0,4,6,5,7,NA,NA,NA,NA,DYS,654.933,10.395,EH19
3293,28.32,23,0,1,0,0,0,2,3,0,1,0,0,0,1,0,0,1,0,0,0,0,0,0,0,0,0,0,0,0,0,0,0,0,0,0,0,1,0,NA,NA,1,1,1,NA,18,11,9,11,NA,2,28,5,1,0,0,0,0,0,0,0,0,0,0,0,0,0,0,0,0,0,0,0,0,0,0,0,1,0,0,NA,NA,NA,NA,0,0,0,0,0,0,0,0,0,0,HC,842.792,10.2075,EH19
3307,23.49,30,0,0,0,0,1,2,5,1,0,0,0,0,0,0,0,1,0,0,0,0,0,0,0,0,0,0,0,0,1,0,0,0,0,0,0,0,0,NA,NA,0,1,0,NA,12,20,11,9,NA,1,30,5,1,0,0,0,0,0,0,0,0,0,0,0,0,0,0,0,0,0,0,0,0,0,0,1,0,0,0,NA,NA,NA,NA,0,0,0,0,0,0,0,0,0,0,HC,905.286,5.9215,EH19
3308,20.67,18,0,0,0,0,1,2,3,0,0,0,0,0,1,0,0,1,0,0,0,0,0,0,0,0,0,0,0,0,0,0,1,0,0,0,0,0,0,NA,NA,1,1,90,85,31,33,13,27,2,2,28,4,0,0,1,0,0,0,0,0,0,1,0,0,0,0,0,0,0,0,1,1,4,0,0,1,0,0,0,NA,NA,NA,NA,0,0,4,6,1,1,5,8,6,9,DYSB,1562.701,1.527,EH19
3309,22.46,24,0,1,0,0,0,2,6,0,0,0,0,0,1,0,0,1,0,0,0,0,0,0,0,0,0,0,0,0,0,0,0,0,0,0,0,1,0,NA,NA,1,1,9,NA,14,19,17,17,NA,2,30,5,0,0,0,0,0,0,0,0,0,0,0,0,0,0,0,0,0,0,0,0,0,0,0,0,1,0,0,NA,NA,NA,NA,0,0,0,0,0,0,0,0,0,0,HC,711.4355,12.1095,EH19
3310,20.67,26,0,0,0,0,1,1,5,0,0,0,0,0,1,0,0,0,0,0,0,0,0,0,0,0,0,0,0,0,0,0,0,0,0,0,0,1,0,NA,NA,0,0,78,61,23,20,13,20,3,2,30,5,0,0,0,0,0,0,0,0,0,0,0,0,0,0,0,1,1,1,1,1,5,0,0,1,0,0,0,NA,NA,NA,NA,0,0,7,10,5,5,5,5,4,5,DYSB,1425.3765,2.216,EH19
3312,22.46,25,0,0,0,0,1,2,5,0,1,0,0,0,1,0,0,1,0,0,0,0,0,0,0,0,0,0,0,0,0,0,0,0,0,0,0,1,0,NA,NA,0,0,84,65,22,17,14,18,2,2,31,5,0,0,0,0,0,0,0,0,0,0,0,0,0,0,0,0,0,1,1,1,3,0,0,1,0,0,0,NA,NA,NA,NA,0,0,4,5,4,5,NA,NA,NA,NA,DYS,232.072,5.385,EH19
3320,26.57,25,0,1,0,0,0,2,5,1,0,0,0,0,0,0,0,1,0,0,0,0,0,0,0,0,0,0,0,0,0,0,0,0,0,0,0,1,0,NA,NA,0,0,80,60,16,17,33,23,3,2,27,4,1,0,0,0,0,0,0,0,0,0,0,0,0,0,0,0,0,0,0,0,0,0,0,0,1,0,0,NA,NA,NA,NA,0,0,1,4,1,3,2,5,0,1,DYS,644.437,2.725,EH19
